Workbook

Sheet Dashboard
B1: Superstore E-commerce Sales Analysis
B4: Total Sales | D4: Total Profit | F4: Profit Sales Margin | H4: Total Orders | J4: Avg Order Value | L4: Units Sold
B5: =KPIS!A2 -> 2297201.1 | D5: =KPIS!B2 -> 286397.79 | F5: =KPIS!C2 -> 12.47 | H5: =KPIS!D2 -> 5009 | J5: =KPIS!E2 -> 458.61 | L5: =KPIS!F2 -> 37873
B8: Sales Trend and Year-Over-Year Growth
B33: Regional & Category Performance
B60: Product & Customer Insights

Sheet KPIS
A1: total_sales | B1: total_profit | C1: profit_sales_margin | D1: total_orders | E1: avg_order_value | F1: total_quantity
A2: 2297201.1 | B2: 286397.79 | C2: 12.47 | D2: 5009 | E2: 458.61 | F2: 37873

Sheet Yearly
A1: order_year | B1: total_sales | C1: total_profit | D1: profit_sales_margin_pr | E1: total_orders | F1: avg_order_value
A2: 2014 | B2: 484247.56 | C2: 49544.06 | D2: 10.23 | E2: 969 | F2: 499.74
A3: 2015 | B3: 470532.46 | C3: 61618.69 | D3: 13.1 | E3: 1038 | F3: 453.31
A4: 2016 | B4: 609205.86 | C4: 81795.27 | D4: 13.43 | E4: 1315 | F4: 463.27
A5: 2017 | B5: 733215.19 | C5: 93439.77 | D5: 12.74 | E5: 1687 | F5: 434.63

Sheet YOY_Growth
A1: order_year | B1: total_sales | C1: total_profit | D1: sales_growth_pct | E1: profit_growth_pct
A2: 2014 | B2: 484247.56 | C2: 49544.06 | D2: NULL | E2: NULL
A3: 2015 | B3: 470532.46 | C3: 61618.69 | D3: -2.83 | E3: 24.37
A4: 2016 | B4: 609205.86 | C4: 81795.27 | D4: 29.47 | E4: 32.74
A5: 2017 | B5: 733215.19 | C5: 93439.77 | D5: 20.36 | E5: 14.24
A9: order_year | B9: sales_growth_pct
A10: 2015 | B10: -2.83
A11: 2016 | B11: 29.47
A12: 2017 | B12: 20.36

Sheet Monthly
A1: order_year | B1: order_month | C1: month_name | D1: monthly_sales_total | E1: monthly_profit_total | F1: profit_sales_margin | G1: total_orders | H1: avg_order_value
A2: 2014 | B2: 1 | C2: January | D2: 14236.9 | E2: 2450.18 | F2: 17.21 | G2: 32 | H2: 444.9
A3: 2014 | B3: 2 | C3: February | D3: 4519.92 | E3: 862.3 | F3: 19.08 | G3: 28 | H3: 161.43
A4: 2014 | B4: 3 | C4: March | D4: 55691.04 | E4: 498.72 | F4: 0.9 | G4: 71 | H4: 784.38
A5: 2014 | B5: 4 | C5: April | D5: 28295.35 | E5: 3488.86 | F5: 12.33 | G5: 66 | H5: 428.72
A6: 2014 | B6: 5 | C6: May | D6: 23648.28 | E6: 2738.74 | F6: 11.58 | G6: 69 | H6: 342.73
A7: 2014 | B7: 6 | C7: June | D7: 34595.14 | E7: 4976.56 | F7: 14.39 | G7: 66 | H7: 524.17
A8: 2014 | B8: 7 | C8: July | D8: 33946.37 | E8: -841.46 | F8: -2.48 | G8: 65 | H8: 522.25
A9: 2014 | B9: 8 | C9: August | D9: 27909.47 | E9: 5318.11 | F9: 19.05 | G9: 72 | H9: 387.63
A10: 2014 | B10: 9 | C10: September | D10: 81777.34 | E10: 8328.08 | F10: 10.18 | G10: 130 | H10: 629.06
A11: 2014 | B11: 10 | C11: October | D11: 31453.37 | E11: 3448.23 | F11: 10.96 | G11: 78 | H11: 403.25
A12: 2014 | B12: 11 | C12: November | D12: 78628.74 | E12: 9292.15 | F12: 11.82 | G12: 151 | H12: 520.72
A13: 2014 | B13: 12 | C13: December | D13: 69545.64 | E13: 8983.59 | F13: 12.92 | G13: 141 | H13: 493.23
... A49: 2017 | B49: 12 | C49: December | D49: 83829.31 | E49: 8483.4 | F49: 10.12 | G49: 224 | H49: 374.24

Sheet Montly_Pivot
A1: Month | B1: 2014 | C1: 2015 | D1: 2016 | E1: 2017
A2: 1 | B2: =SUMIFS(Monthly!$D:$D,Monthly!$A:$A,B$1,Monthly!$B:$B,$A2) -> 14236.9 | C2: =SUMIFS(Monthly!$D:$D,Monthly!$A:$A,C$1,Monthly!$B:$B,$A2) -> 18174.08 | D2: =SUMIFS(Monthly!$D:$D,Monthly!$A:$A,D$1,Monthly!$B:$B,$A2) -> 18542.52 | E2: =SUMIFS(Monthly!$D:$D,Monthly!$A:$A,E$1,Monthly!$B:$B,$A2) -> 43971.37 | F2: January
A3: 2 | B3: =SUMIFS(Monthly!$D:$D,Monthly!$A:$A,B$1,Monthly!$B:$B,$A3) -> 4519.92 | C3: =SUMIFS(Monthly!$D:$D,Monthly!$A:$A,C$1,Monthly!$B:$B,$A3) -> 11951.4 | D3: =SUMIFS(Monthly!$D:$D,Monthly!$A:$A,D$1,Monthly!$B:$B,$A3) -> 22978.82 | E3: =SUMIFS(Monthly!$D:$D,Monthly!$A:$A,E$1,Monthly!$B:$B,$A3) -> 20301.12 | F3: February
A4: 3 | B4: =SUMIFS(Monthly!$D:$D,Monthly!$A:$A,B$1,Monthly!$B:$B,$A4) -> 55691.04 | C4: =SUMIFS(Monthly!$D:$D,Monthly!$A:$A,C$1,Monthly!$B:$B,$A4) -> 38726.26 | D4: =SUMIFS(Monthly!$D:$D,Monthly!$A:$A,D$1,Monthly!$B:$B,$A4) -> 51715.86 | E4: =SUMIFS(Monthly!$D:$D,Monthly!$A:$A,E$1,Monthly!$B:$B,$A4) -> 58872.35 | F4: March
A5: 4 | B5: =SUMIFS(Monthly!$D:$D,Monthly!$A:$A,B$1,Monthly!$B:$B,$A5) -> 28295.35 | C5: =SUMIFS(Monthly!$D:$D,Monthly!$A:$A,C$1,Monthly!$B:$B,$A5) -> 34195.25 | D5: =SUMIFS(Monthly!$D:$D,Monthly!$A:$A,D$1,Monthly!$B:$B,$A5) -> 38750.04 | E5: =SUMIFS(Monthly!$D:$D,Monthly!$A:$A,E$1,Monthly!$B:$B,$A5) -> 36521.52 | F5: April
A6: 5 | B6: =SUMIFS(Monthly!$D:$D,Monthly!$A:$A,B$1,Monthly!$B:$B,$A6) -> 23648.28 | C6: =SUMIFS(Monthly!$D:$D,Monthly!$A:$A,C$1,Monthly!$B:$B,$A6) -> 30131.72 | D6: =SUMIFS(Monthly!$D:$D,Monthly!$A:$A,D$1,Monthly!$B:$B,$A6) -> 56987.75 | E6: =SUMIFS(Monthly!$D:$D,Monthly!$A:$A,E$1,Monthly!$B:$B,$A6) -> 44261.08 | F6: May
A7: 6 | B7: =SUMIFS(Monthly!$D:$D,Monthly!$A:$A,B$1,Monthly!$B:$B,$A7) -> 34595.14 | C7: =SUMIFS(Monthly!$D:$D,Monthly!$A:$A,C$1,Monthly!$B:$B,$A7) -> 24797.31 | D7: =SUMIFS(Monthly!$D:$D,Monthly!$A:$A,D$1,Monthly!$B:$B,$A7) -> 40344.54 | E7: =SUMIFS(Monthly!$D:$D,Monthly!$A:$A,E$1,Monthly!$B:$B,$A7) -> 52981.73 | F7: June
A8: 7 | B8: =SUMIFS(Monthly!$D:$D,Monthly!$A:$A,B$1,Monthly!$B:$B,$A8) -> 33946.37 | C8: =SUMIFS(Monthly!$D:$D,Monthly!$A:$A,C$1,Monthly!$B:$B,$A8) -> 28765.32 | D8: =SUMIFS(Monthly!$D:$D,Monthly!$A:$A,D$1,Monthly!$B:$B,$A8) -> 39261.99 | E8: =SUMIFS(Monthly!$D:$D,Monthly!$A:$A,E$1,Monthly!$B:$B,$A8) -> 45264.43 | F8: July
A9: 8 | B9: =SUMIFS(Monthly!$D:$D,Monthly!$A:$A,B$1,Monthly!$B:$B,$A9) -> 27909.47 | C9: =SUMIFS(Monthly!$D:$D,Monthly!$A:$A,C$1,Monthly!$B:$B,$A9) -> 36898.32 | D9: =SUMIFS(Monthly!$D:$D,Monthly!$A:$A,D$1,Monthly!$B:$B,$A9) -> 31115.35 | E9: =SUMIFS(Monthly!$D:$D,Monthly!$A:$A,E$1,Monthly!$B:$B,$A9) -> 63120.85 | F9: August
A10: 9 | B10: =SUMIFS(Monthly!$D:$D,Monthly!$A:$A,B$1,Monthly!$B:$B,$A10) -> 81777.34 | C10: =SUMIFS(Monthly!$D:$D,Monthly!$A:$A,C$1,Monthly!$B:$B,$A10) -> 64595.87 | D10: =SUMIFS(Monthly!$D:$D,Monthly!$A:$A,D$1,Monthly!$B:$B,$A10) -> 73410.09 | E10: =SUMIFS(Monthly!$D:$D,Monthly!$A:$A,E$1,Monthly!$B:$B,$A10) -> 87866.66 | F10: September
A11: 10 | B11: =SUMIFS(Monthly!$D:$D,Monthly!$A:$A,B$1,Monthly!$B:$B,$A11) -> 31453.37 | C11: =SUMIFS(Monthly!$D:$D,Monthly!$A:$A,C$1,Monthly!$B:$B,$A11) -> 31404.9 | D11: =SUMIFS(Monthly!$D:$D,Monthly!$A:$A,D$1,Monthly!$B:$B,$A11) -> 59687.8 | E11: =SUMIFS(Monthly!$D:$D,Monthly!$A:$A,E$1,Monthly!$B:$B,$A11) -> 77776.96 | F11: October
A12: 11 | B12: =SUMIFS(Monthly!$D:$D,Monthly!$A:$A,B$1,Monthly!$B:$B,$A12) -> 78628.74 | C12: =SUMIFS(Monthly!$D:$D,Monthly!$A:$A,C$1,Monthly!$B:$B,$A12) -> 75972.51 | D12: =SUMIFS(Monthly!$D:$D,Monthly!$A:$A,D$1,Monthly!$B:$B,$A12) -> 79412.03 | E12: =SUMIFS(Monthly!$D:$D,Monthly!$A:$A,E$1,Monthly!$B:$B,$A12) -> 118447.81 | F12: November
A13: 12 | B13: =SUMIFS(Monthly!$D:$D,Monthly!$A:$A,B$1,Monthly!$B:$B,$A13) -> 69545.64 | C13: =SUMIFS(Monthly!$D:$D,Monthly!$A:$A,C$1,Monthly!$B:$B,$A13) -> 74919.52 | D13: =SUMIFS(Monthly!$D:$D,Monthly!$A:$A,D$1,Monthly!$B:$B,$A13) -> 96999.07 | E13: =SUMIFS(Monthly!$D:$D,Monthly!$A:$A,E$1,Monthly!$B:$B,$A13) -> 83829.31 | F13: December

Sheet Regional
A1: region | B1: total_sales | C1: total_profit | D1: profit_sales_margin | E1: total_orders | F1: avg_order_value
A2: West | B2: 725457.93 | C2: 108418.79 | D2: 14.94 | E2: 1611 | F2: 450.32
A3: East | B3: 678781.36 | C3: 91522.84 | D3: 13.48 | E3: 1401 | F3: 484.5
A4: Central | B4: 501239.88 | C4: 39706.45 | D4: 7.92 | E4: 1175 | F4: 426.59
A5: South | B5: 391721.9 | C5: 46749.71 | D5: 11.93 | E5: 822 | F5: 476.55
A7: region | B7: total_sales | C7: profit_sales_margin
A8: West | B8: 725457.93 | C8: 14.94
A9: East | B9: 678781.36 | C9: 13.48
A10: Central | B10: 501239.88 | C10: 7.92
A11: South | B11: 391721.9 | C11: 11.93

Sheet Category
A1: category | B1: subcategory | C1: total_sales | D1: total_profit | E1: profit_sales_margin | F1: total_orders | G1: avg_order_value | J1: Category | K1: Total Profit
A2: Office Supplies | B2: Labels | C2: 12486.3 | D2: 5546.18 | E2: 44.42 | F2: 346 | G2: 36.09 | J2: Technology | K2: =SUMIF($A:$A,"Technology",$D:$D) -> 145455.66
A3: Office Supplies | B3: Paper | C3: 78479.24 | D3: 34053.34 | E3: 43.39 | F3: 1191 | G3: 65.89 | J3: Office Supplies | K3: =SUMIF($A:$A,"Office Supplies",$D:$D) -> 122490.88
A4: Office Supplies | B4: Envelopes | C4: 16476.38 | D4: 6964.1 | E4: 42.27 | F4: 249 | G4: 66.17 | J4: Furniture | K4: =SUMIF($A:$A,"Furniture",$D:$D) -> 18451.25
A5: Technology | B5: Copiers | C5: 149528.01 | D5: 55617.9 | E5: 37.2 | F5: 68 | G5: 2198.94
A6: Office Supplies | B6: Fasteners | C6: 3024.25 | D6: 949.53 | E6: 31.4 | F6: 215 | G6: 14.07
A7: Technology | B7: Accessories | C7: 167380.31 | D7: 41936.78 | E7: 25.05 | F7: 718 | G7: 233.12 | J7: subcategory | K7: profit_sales_margin
A8: Office Supplies | B8: Art | C8: 27118.8 | D8: 6527.96 | E8: 24.07 | F8: 731 | G8: 37.1 | J8: Labels | K8: 44.42
A9: Office Supplies | B9: Appliances | C9: 107532.14 | D9: 18138.07 | E9: 16.87 | F9: 451 | G9: 238.43 | J9: Paper | K9: 43.39
A10: Office Supplies | B10: Binders | C10: 203412.77 | D10: 30221.64 | E10: 14.86 | F10: 1316 | G10: 154.57 | J10: Envelopes | K10: 42.27
A11: Furniture | B11: Furnishings | C11: 91705.12 | D11: 13059.25 | E11: 14.24 | F11: 877 | G11: 104.57 | J11: Copiers | K11: 37.2
A12: Technology | B12: Phones | C12: 330007.1 | D12: 44516.25 | E12: 13.49 | F12: 814 | G12: 405.41 | J12: Fasteners | K12: 31.4
A13: Office Supplies | B13: Storage | C13: 223843.59 | D13: 21279.05 | E13: 9.51 | F13: 777 | G13: 288.09 | J13: Accessories | K13: 25.05
A14: Furniture | B14: Chairs | C14: 328449.13 | D14: 26590.15 | E14: 8.1 | F14: 576 | G14: 570.22 | J14: Art | K14: 24.07
A15: Technology | B15: Machines | C15: 189238.68 | D15: 3384.73 | E15: 1.79 | F15: 112 | G15: 1689.63 | J15: Appliances | K15: 16.87
A16: Office Supplies | B16: Supplies | C16: 46673.52 | D16: -1188.99 | E16: -2.55 | F16: 187 | G16: 249.59 | J16: Binders | K16: 14.86
A17: Furniture | B17: Bookcases | C17: 114880.05 | D17: -3472.56 | E17: -3.02 | F17: 224 | G17: 512.86 | J17: Furnishings | K17: 14.24
A18: Furniture | B18: Tables | C18: 206965.68 | D18: -17725.59 | E18: -8.56 | F18: 307 | G18: 674.16 | J18: Phones | K18: 13.49
J19: Storage | K19: 9.51
J20: Chairs | K20: 8.1
J21: Machines | K21: 1.79
J22: Supplies | K22: -2.55
J23: Bookcases | K23: -3.02
J24: Tables | K24: -8.56

Sheet Top_Products
A1: product_name | B1: category | C1: subcategory | D1: total_sales | E1: total_profit | F1: total_quantity | H1: product_name | I1: total_profit
A2: Canon imageCLASS 2200 Advanced Copier | B2: Technology | C2: Copiers | D2: 61599.83 | E2: 25199.94 | F2: 20 | H2: Canon Copier | I2: 25199.94
A3: Fellowes PB500 Electric Punch Plastic Comb Binding Machine with Manual Bind | B3: Office Supplies | C3: Binders | D3: 27453.38 | E3: 7753.06 | F3: 31 | H3: Fellowes PB500 | I3: 7753.06
A4: Cisco TelePresence System EX90 Videoconferencing Unit | B4: Technology | C4: Machines | D4: 22638.48 | E4: -1811.08 | F4: 6 | H4: Cisco TelePresence | I4: -1811.08
A5: HON 5400 Series Task Chairs for Big and Tall | B5: Furniture | C5: Chairs | D5: 21870.57 | E5: 0 | F5: 39 | H5: HON 5400 Chairs | I5: 0
A6: GBC DocuBind TL300 Electric Binding System | B6: Office Supplies | C6: Binders | D6: 19823.48 | E6: 2233.5 | F6: 37 | H6: GBC DocuBind TL300 | I6: 2233.5
A7: GBC Ibimaster 500 Manual ProClick Binding System | B7: Office Supplies | C7: Binders | D7: 19024.5 | E7: 760.98 | F7: 48 | H7: GBC Ibimaster 500 | I7: 760.98
A8: Hewlett Packard LaserJet 3310 Copier | B8: Technology | C8: Copiers | D8: 18839.68 | E8: 6983.89 | F8: 38 | H8: Hewlett LaserJet 3310 | I8: 6983.89
A9: HP Designjet T520 Inkjet Large Format Printer - 24 Color" | B9: Technology | C9: Machines | D9: 18374.9 | E9: 4094.98 | F9: 12 | H9: HP Designjet T520 | I9: 4094.98
A10: GBC DocuBind P400 Electric Binding System | B10: Office Supplies | C10: Binders | D10: 17965.07 | E10: -1878.17 | F10: 27 | H10: GBC DocuBind P400 | I10: -1878.17
A11: High Speed Automatic Electric Letter Opener | B11: Office Supplies | C11: Supplies | D11: 17030.31 | E11: -262 | F11: 11 | H11: Electric Letter Opener | I11: -262

Sheet Bottom_Products
A1: product_name | B1: category | C1: subcategory | D1: total_sales | E1: total_profit | F1: total_quantity
A2: Cubify CubeX 3D Printer Double Head Print | B2: Technology | C2: Machines | D2: 11099.96 | E2: -8879.97 | F2: 9
A3: Lexmark MX611dhe Monochrome Laser Printer | B3: Technology | C3: Machines | D3: 16829.9 | E3: -4589.97 | F3: 18
A4: Cubify CubeX 3D Printer Triple Head Print | B4: Technology | C4: Machines | D4: 7999.98 | E4: -3839.99 | F4: 4
A5: Chromcraft Bull-Nose Wood Oval Conference Tables & Bases | B5: Furniture | C5: Tables | D5: 9917.64 | E5: -2876.11 | F5: 27
A6: Bush Advantage Collection Racetrack Conference Table | B6: Furniture | C6: Tables | D6: 9544.72 | E6: -1934.4 | F6: 33
A7: GBC DocuBind P400 Electric Binding System | B7: Office Supplies | C7: Binders | D7: 17965.07 | E7: -1878.17 | F7: 27
A8: Cisco TelePresence System EX90 Videoconferencing Unit | B8: Technology | C8: Machines | D8: 22638.48 | E8: -1811.08 | F8: 6
A9: Martin Yale Chadless Opener Electric Letter Opener | B9: Office Supplies | C9: Supplies | D9: 16656.21 | E9: -1299.19 | F9: 22
A10: Balt Solid Wood Round Tables | B10: Furniture | C10: Tables | D10: 6518.76 | E10: -1201.06 | F10: 19
A11: BoxOffice By Design Rectangular and Half-Moon Meeting Room Tables | B11: Furniture | C11: Tables | D11: 1706.26 | E11: -1148.44 | F11: 15

Sheet Segments
A1: segment | B1: total_sales | C1: total_profit | D1: profit_margin_pct | E1: total_orders | F1: avg_order_value
A2: Consumer | B2: 1161401.3 | C2: 134119.33 | D2: 11.55 | E2: 2586 | F2: 449.11
A3: Corporate | B3: 706146.44 | C3: 91979.45 | D3: 13.03 | E3: 1514 | F3: 466.41
A4: Home Office | B4: 429653.29 | C4: 60299.01 | D4: 14.03 | E4: 909 | F4: 472.67

Sheet Shipping
A1: ship_mode | B1: total_sales | C1: total_profit | D1: profit_margin_pct | E1: total_order | F1: avg_order_value
A2: Standard Class | B2: 1358216.1 | C2: 164089.45 | D2: 12.08 | E2: 2994 | F2: 453.65
A3: Second Class | B3: 459193.44 | C3: 57446.49 | D3: 12.51 | E3: 964 | F3: 476.34
A4: First Class | B4: 351428.43 | C4: 48969.95 | D4: 13.93 | E4: 787 | F4: 446.54
A5: Same Day | B5: 128363.12 | C5: 15891.9 | D5: 12.38 | E5: 264 | F5: 486.22

Sheet State
A1: state | B1: total_sales | C1: total_profit | D1: profit_margin_pct | E1: total_order | F1: avg_order_value
A2: California | B2: 457687.68 | C2: 76381.6 | D2: 16.69 | E2: 1021 | F2: 448.27
A3: New York | B3: 310876.2 | C3: 74038.64 | D3: 23.82 | E3: 562 | F3: 553.16
A4: Texas | B4: 170187.98 | C4: -25729.29 | D4: -15.12 | E4: 487 | F4: 349.46
A5: Washington | B5: 138641.29 | C5: 33402.7 | D5: 24.09 | E5: 256 | F5: 541.57
A6: Pennsylvania | B6: 116512.02 | C6: -15560.04 | D6: -13.35 | E6: 288 | F6: 404.56
A7: Florida | B7: 89473.73 | C7: -3399.25 | D7: -3.8 | E7: 200 | F7: 447.37
A8: Illinois | B8: 80166.16 | C8: -12607.89 | D8: -15.73 | E8: 276 | F8: 290.46
A9: Ohio | B9: 78258.21 | C9: -16971.37 | D9: -21.69 | E9: 236 | F9: 331.6
A10: Michigan | B10: 76269.61 | C10: 24463.15 | D10: 32.07 | E10: 117 | F10: 651.88
A11: Virginia | B11: 70636.72 | C11: 18598 | D11: 26.33 | E11: 115 | F11: 614.23
A12: North Carolina | B12: 55603.09 | C12: -7490.81 | D12: -13.47 | E12: 136 | F12: 408.85
A13: Indiana | B13: 53555.36 | C13: 18382.97 | D13: 34.33 | E13: 73 | F13: 733.64
... A50: North Dakota | B50: 919.91 | C50: 230.14 | D50: 25.02 | E50: 2 | F50: 459.96
